i,t,px,py,rootchild,fx,fy,fw,fh,cx,cy,cw,ch
1,0.08314067701576278,295,72,0x20000f,90,59,484,347,0,31,484,316
2,0.16629701800411567,300,73,0x20000f,90,59,484,347,0,31,484,316
3,0.24949245498282835,305,74,0x20000f,90,59,484,347,0,31,484,316
4,0.3325906189857051,310,75,0x20000f,90,59,484,347,0,31,484,316
5,0.4156800099881366,315,76,0x20000f,90,59,484,347,0,31,484,316
6,0.4988181770313531,320,77,0x20000f,90,59,484,347,0,31,484,316
7,0.581955571018625,325,78,0x20000f,90,59,484,347,0,31,484,316
8,0.6651465430040844,330,79,0x20000f,90,59,484,347,0,31,484,316
9,0.7483976479852572,335,80,0x20000f,90,59,484,347,0,31,484,316
10,0.8316551949828863,340,81,0x20000f,90,59,484,347,0,31,484,316
11,0.9148272059974261,345,82,0x20000f,90,59,484,347,0,31,484,316
12,0.9980180920101702,350,83,0x20000f,90,59,484,347,0,31,484,316
13,1.0811992809758522,354,84,0x20000f,90,59,484,347,0,31,484,316
14,1.1644622649764642,359,85,0x20000f,90,59,484,347,0,31,484,316
15,1.2475625090301037,364,86,0x20000f,90,59,484,347,0,31,484,316
16,1.3306504909996875,369,87,0x20000f,90,59,484,347,0,31,484,316
17,1.4138152369996533,374,88,0x20000f,90,59,484,347,0,31,484,316
18,1.4969703080132604,379,89,0x20000f,90,59,484,347,0,31,484,316
19,1.5801097549847327,384,90,0x20000f,90,59,484,347,0,31,484,316
20,1.663375662988983,389,91,0x20000f,90,59,484,347,0,31,484,316
21,1.7465168429771438,394,92,0x20000f,90,59,484,347,0,31,484,316
22,1.8296827180311084,399,93,0x20000f,90,59,484,347,0,31,484,316
23,1.9129350630100816,404,94,0x20000f,90,59,484,347,0,31,484,316
24,1.9960664379759692,409,95,0x20000f,90,59,484,347,0,31,484,316
25,2.079183943977114,414,96,0x20000f,90,59,484,347,0,31,484,316
26,2.162366246979218,419,97,0x20000f,90,59,484,347,0,31,484,316
27,2.2455749830114655,424,98,0x20000f,90,59,484,347,0,31,484,316
28,2.3288724930025637,429,99,0x20000f,90,59,484,347,0,31,484,316
29,2.4119961580145173,434,100,0x20000f,90,59,484,347,0,31,484,316
30,2.4951259089866653,439,101,0x20000f,90,59,484,347,0,31,484,316
31,2.5783558409893885,444,102,0x20000f,90,59,484,347,0,31,484,316
32,2.6615666010184214,449,103,0x20000f,90,59,484,347,0,31,484,316
33,2.744778230029624,454,104,0x20000f,90,59,484,347,0,31,484,316
34,2.8278822469874285,459,105,0x20000f,90,59,484,347,0,31,484,316
35,2.9110682400059886,464,106,0x20000f,90,59,484,347,0,31,484,316
36,2.9942498760065064,469,107,0x20000f,90,59,484,347,0,31,484,316
37,3.0773852069978602,473,108,0x20000f,90,59,484,347,0,31,484,316
38,3.1605268900166266,478,109,0x20000f,90,59,484,347,0,31,484,316
39,3.243691719020717,483,110,0x20000f,90,59,484,347,0,31,484,316
40,3.3268395779887214,488,111,0x20000f,90,59,484,347,0,31,484,316
41,3.4100357069983147,493,112,0x20000f,90,59,484,347,0,31,484,316
42,3.493276793975383,498,113,0x20000f,90,59,484,347,0,31,484,316
43,3.5764382960041985,503,114,0x20000f,90,59,484,347,0,31,484,316
44,3.6595565500319935,508,115,0x20000f,90,59,484,347,0,31,484,316
45,3.7427220990066417,513,116,0x20000f,90,59,484,347,0,31,484,316
46,3.825898449984379,518,117,0x20000f,90,59,484,347,0,31,484,316
47,3.9090527269872837,523,118,0x20000f,90,59,484,347,0,31,484,316
48,3.9923022009897977,528,119,0x20000f,90,59,484,347,0,31,484,316
49,4.075423098984174,533,120,0x20000f,90,59,484,347,0,31,484,316
50,4.158634467981756,538,121,0x20000f,90,59,484,347,0,31,484,316
51,4.241968138027005,543,122,0x20000f,90,59,484,347,0,31,484,316
52,4.325165870017372,548,123,0x20000f,90,59,484,347,0,31,484,316
53,4.408329750993289,553,124,0x20000f,90,59,484,347,0,31,484,316
54,4.491466432984453,558,125,0x20000f,90,59,484,347,0,31,484,316
55,4.574616245983634,563,126,0x20000f,90,59,484,347,0,31,484,316
56,4.657742389012128,568,127,0x20000f,90,59,484,347,0,31,484,316
57,4.740931298001669,573,128,0x20000f,90,59,484,347,0,31,484,316
58,4.824078441015445,578,129,0x20000f,90,59,484,347,0,31,484,316
59,4.9074191590189,583,130,0x20000f,90,59,484,347,0,31,484,316
60,4.990565116982907,588,131,0x20000f,90,59,484,347,0,31,484,316
61,5.073667408025358,592,131,0x20000f,90,59,484,347,0,31,484,316
62,5.156922865018714,597,132,0x20000f,90,59,484,347,0,31,484,316
63,5.240210777032189,602,133,0x20000f,90,59,484,347,0,31,484,316
64,5.3233937789918855,607,134,0x20000f,90,59,484,347,0,31,484,316
65,5.406512255023699,612,135,0x20000f,90,59,484,347,0,31,484,316
66,5.489608086005319,617,136,0x20000f,90,59,484,347,0,31,484,316
67,5.572816347004846,622,137,0x20000f,90,59,484,347,0,31,484,316
68,5.656072988000233,627,138,0x20000f,90,59,484,347,0,31,484,316
69,5.739375006000046,632,139,0x20000f,90,59,484,347,0,31,484,316
70,5.822503759991378,637,140,0x20000f,90,59,484,347,0,31,484,316
71,5.905595829011872,642,141,0x20000f,90,59,484,347,0,31,484,316
72,5.98872563400073,647,142,0x20000f,90,59,484,347,0,31,484,316
73,6.071947882999666,652,143,0x20000f,90,59,484,347,0,31,484,316
74,6.155137345020194,657,144,0x20000f,90,59,484,347,0,31,484,316
75,6.238473250996321,662,145,0x20000f,90,59,484,347,0,31,484,316
76,6.32164980599191,667,146,0x20000f,90,59,484,347,0,31,484,316
77,6.404855375003535,672,147,0x20000f,90,59,484,347,0,31,484,316
78,6.487998004013207,677,148,0x20000f,90,59,484,347,0,31,484,316
79,6.571127851027995,682,149,0x20000f,90,59,484,347,0,31,484,316
80,6.654310247977264,687,150,0x20000f,90,59,484,347,0,31,484,316
81,6.737419544020668,692,151,0x20000f,90,59,484,347,0,31,484,316
82,6.8205877330037765,697,152,0x20000f,90,59,484,347,0,31,484,316
83,6.904041343019344,702,153,0x20000f,90,59,484,347,0,31,484,316
84,6.98715873999754,707,154,0x20000f,90,59,484,347,0,31,484,316
85,7.070358009019401,711,155,0x20000f,90,59,484,347,0,31,484,316
86,7.15356119198259,716,156,0x20000f,90,59,484,347,0,31,484,316
87,7.236740022024605,721,157,0x20000f,90,59,484,347,0,31,484,316
88,7.319906054995954,726,158,0x20000f,90,59,484,347,0,31,484,316
89,7.403026807995047,731,159,0x20000f,90,59,484,347,0,31,484,316
90,7.486173907993361,736,160,0x20000f,90,59,484,347,0,31,484,316
91,7.569321800023317,741,161,0x20000f,90,59,484,347,0,31,484,316
92,7.652521635987796,746,162,0x20000f,90,59,484,347,0,31,484,316
93,7.735652567993384,751,163,0x20000f,90,59,484,347,0,31,484,316
94,7.818766159994993,756,164,0x20000f,90,59,484,347,0,31,484,316
95,7.902614644030109,761,165,0x20000f,90,59,484,347,0,31,484,316
96,7.985776662011631,766,166,0x20000f,90,59,484,347,0,31,484,316
97,8.06902065401664,771,167,0x20000f,90,59,484,347,0,31,484,316
98,8.15293829498114,776,168,0x20000f,90,59,484,347,0,31,484,316
99,8.236064872995485,781,169,0x20000f,90,59,484,347,0,31,484,316
100,8.319188789988402,786,170,0x20000f,90,59,484,347,0,31,484,316
101,8.402325630013365,791,171,0x20000f,90,59,484,347,0,31,484,316
102,8.485434212023392,796,172,0x20000f,90,59,484,347,0,31,484,316
103,8.568580746999942,801,173,0x20000f,90,59,484,347,0,31,484,316
104,8.651698567031417,806,174,0x20000f,90,59,484,347,0,31,484,316
105,8.734847954008728,811,175,0x20000f,90,59,484,347,0,31,484,316
106,8.817978293984197,816,176,0x20000f,90,59,484,347,0,31,484,316
107,8.901179746026173,821,177,0x20000f,90,59,484,347,0,31,484,316
108,8.984615653986111,826,178,0x20000f,90,59,484,347,0,31,484,316
109,9.06773713300936,830,179,0x20000f,90,59,484,347,0,31,484,316
110,9.15088758902857,835,180,0x20000f,90,59,484,347,0,31,484,316
111,9.234007195977028,840,181,0x20000f,90,59,484,347,0,31,484,316
112,9.317328302015085,845,182,0x20000f,90,59,484,347,0,31,484,316
113,9.400438654993195,850,183,0x20000f,90,59,484,347,0,31,484,316
114,9.483540043001994,855,184,0x20000f,90,59,484,347,0,31,484,316
115,9.566630619985517,860,185,0x20000f,90,59,484,347,0,31,484,316
116,9.64978301699739,865,186,0x20000f,90,59,484,347,0,31,484,316
117,9.732949909986928,870,187,0x20000f,90,59,484,347,0,31,484,316
118,9.816301141981967,875,188,0x20000f,90,59,484,347,0,31,484,316
119,9.899440332024824,880,189,0x20000f,90,59,484,347,0,31,484,316
120,9.982551108987536,885,190,0x20000f,90,59,484,347,0,31,484,316
121,10.065691823023371,890,191,0x20000f,90,59,484,347,0,31,484,316
